userType,SNS,Shopping,Others
extreme,17703998.92,1231903.8,59389643.64
moderate,12189298.481481481,678050.6296296297,37578021.25925926
occational,8610240.72,341654.08,26350148.56
